<?xml version="1.0" encoding="UTF-8" standalone="yes"?>
<addon id="repository.Yoshin01" name="Yoshin01 Repository" version="0.1" provider-name="Yoshin01">
	<extension point="xbmc.addon.repository" name="Yoshin01 Repository">
		<info compressed="false">https://raw.githubusercontent.com/Yoshin01/Addons/master/addons.xml</info>
		<checksum>https://raw.githubusercontent.com/Yoshin01/Addons/master/addons.xml.md5</checksum>
		<datadir zip="true">https://github.com/Yoshin01/Addons/raw/master/</datadir>
	</extension>
	<extension point="xbmc.addon.metadata">
		<summary>Yoshin01's Kodi Build Repository</summary>
		<description>Yoshin01 Builds</description>
		<platform>all</platform>
	</extension>
</addon>
