<?xml version="1.0" encoding="UTF-8" standalone="yes"?>
<addon id="repository.jctv" name="JCTV Repository" version="1.0" provider-name="JC">
    <extension point="xbmc.addon.repository" name="JCTV Repository">
        <dir>
            <info compressed="false">https://raw.githubusercontent.com/Yoshin01/jctv/master/zips/addons.xml</info>
            <checksum>https://raw.githubusercontent.com/Yoshin01/jctv/master/zips/addons.xml.md5</checksum>
            <datadir zip="true">https://raw.githubusercontent.com/Yoshin01/jctv/master/zips/</datadir>
        </dir>
    </extension>
    <extension point="xbmc.addon.metadata">
        <summary>JC's Kodi Repository</summary>
        <description>JC TV Builds</description>
        <disclaimer></disclaimer>
        <platform>all</platform>
        <assets>
            <icon>icon.png</icon>
            <fanart>fanart.jpg</fanart>
        </assets>
    </extension>
</addon>