<?xml version="1.0" encoding="UTF-8" standalone="yes"?>
<addon id="repository.yoshintv" name="YoshinTV Repository" version="0.1" provider-name="YoshinTV">
	<extension point="xbmc.addon.repository" name="YoshinTV Repository">
		<info compressed="false">https://raw.githubusercontent.com/Yoshin01/YoshinTV/files/master/addons.xml</info>
		<checksum>https://raw.githubusercontent.com/Yoshin01/YoshinTV/files/master/addons.xml.md5</checksum>
		<datadir zip="true">https://github.com/Yoshin01/YoshinTV/files/raw/master/</datadir>
	</extension>
	<extension point="xbmc.addon.metadata">
		<summary>YoshinTV's Kodi Build Repository</summary>
		<description>Yoshin's Builds</description>
		<platform>all</platform>
	</extension>
</addon>
